[
		{ "id":"12", "pId":"0", "name":"公司签到"},
		{ "id":"121", "pId":"12", "name":"签到详情" ,"page":"SkipServlet?jsppath=/WEB-INF/pages/base/signin.jsp"},
		{ "id":"122", "pId":"12", "name":"签到基础设置" ,"page":"SkipServlet?jsppath=/WEB-INF/pages/base/signinSetting.jsp"},
		
		{ "id":"13", "pId":"0", "name":"公司管理"},
		{ "id":"131", "pId":"13", "name":"员工管理","page":"SkipServlet?jsppath=/WEB-INF/pages/base/staff.jsp"},
		{ "id":"132", "pId":"13", "name":"部门管理","page":"SkipServlet?jsppath=/WEB-INF/pages/base/department.jsp"},
		
		{ "id":"14", "pId":"0", "name":"公司详情"},
		{ "id":"141", "pId":"14", "name":"设置公司地点","page":"SkipServlet?jsppath=/WEB-INF/pages/company/map.jsp"},
		{ "id":"142", "pId":"14", "name":"设置公司详情","page":"SkipServlet?jsppath=/WEB-INF/pages/company/map.jsp"}
]